year,month,day,hour,minute,latitude,longitude,depth,magnitude
2000,1,3,2,38,9.67,126.11,19,5
2000,1,6,21,31,16.25,119.78,37,5.9
2000,2,3,13,42,13.64,121.48,2,5
2000,2,13,18,19,5.29,127.44,154,5.9
2000,2,27,12,3,10.64,121.8,12,5
2000,3,21,5,26,4.05,127.84,77,5.9
2000,4,3,15,19,3.75,125.98,120,5.6
2000,4,13,13,12,10.32,126.91,17,5.7
2000,4,13,20,54,10.24,126.62,25,5.5
2000,5,8,10,25,11.03,124.84,6,5
2000,5,8,13,54,10.99,124.67,1,5.1
2000,6,7,16,45,4.91,126.59,32,5.2
2000,6,8,3,52,5.45,125.43,180,5.1
2000,6,11,21,29,10.11,126.2,2,5.1
2000,6,14,1,44,17.3,120.27,42,5.7
2000,6,14,17,0,4.49,127.35,69,5.9
2000,6,19,1,59,16.85,120.43,1,5.7
2000,6,19,9,34,14.09,120.33,108,5.6
2000,7,4,22,19,20.38,122.15,34,5.2
2000,7,11,16,3,6.2,126.22,15,5.1
2000,7,16,3,21,20.33,122.21,15,6.4
2000,7,18,13,10,11.19,126.16,33,5.1
2000,7,18,22,59,17.97,120.68,41,5.6
2000,8,1,7,10,15.1,122.31,81,5.7
2000,8,16,18,34,6.19,124.88,24,5.1
2000,8,20,7,55,7.43,126.51,180,5.4
2000,8,28,3,36,4.08,127.05,33,5.7
2000,8,31,8,24,4.88,123.26,597,5.1
2000,9,8,22,41,6.96,121.87,39,5.1
2000,9,29,22,48,12.25,122.42,20,5
2000,10,5,20,6,6.46,127.06,36,5.6
2000,10,8,3,36,9.75,125.55,12,5.4
2000,10,12,23,25,12.32,124.72,20,5.1
2000,10,21,22,30,13.71,120.62,130,5.3
2000,10,22,1,21,7.09,126.65,65,5
2000,11,4,12,38,5.58,125.97,67,5.5
2000,11,30,20,1,10.7,126.51,32,5
2000,12,5,11,8,4.16,126.93,4,5.5
2000,12,21,16,42,7.21,126.7,11,5
2001,1,1,6,57,6.79,126.78,20,7.2
2001,1,1,7,10,6.63,127.09,45,5.2
2001,1,1,9,34,6.88,127.18,9,5.2
2001,1,2,7,30,6.48,127.23,47,6.2
2001,1,5,1,41,6.81,127.46,30,5
2001,1,5,22,51,6.78,127.59,23,5.2
2001,1,6,4,45,6.56,126.93,15,5.4
2001,1,8,4,20,5.49,127.52,33,5.5
2001,1,12,19,18,17.31,120.51,20,5.1
2001,1,21,4,44,10.17,126.3,1,5.3
2001,2,17,17,49,20.4,122.32,33,5.5
2001,2,21,22,50,6.64,127.14,52,5.4
2001,2,28,9,35,6.45,127.35,72,5.2
2001,4,17,9,5,10.05,126.65,27,5.4
2001,5,11,2,25,16.56,121.11,1,5
2001,7,8,17,17,13.59,120.84,8,5
2001,12,4,18,9,19.03,119.88,17,5.1
2002,1,1,11,29,6.1,125.85,126,5.6
2002,3,5,21,16,5.88,124.22,5,6.8
2002,3,10,5,24,20.4,121.99,26,5.6
2002,4,20,22,39,5.33,124.05,7,5.4
2002,5,4,10,52,5.28,124.1,13,5.2
2002,5,13,19,57,19.11,121.28,1,5.2
2002,5,14,14,19,3.59,125.18,10,5.1
2002,6,9,16,32,5.22,127.25,109,5.1
2002,6,14,2,11,7.66,123.91,3,5.4
2002,7,29,7,13,6.29,126.56,61,5.6
2002,9,3,14,23,13.52,120.65,1,5.7
2002,10,10,13,52,7.51,126.56,1,5
2002,10,12,23,43,15.21,118.47,42,5.2
2002,12,21,17,41,5.07,123.28,595,5.1
2002,12,30,4,49,7.37,123.32,1,6.1
2003,1,6,14,57,20.16,121.43,45,5.4
2003,2,15,5,47,12.12,123.83,2,5.9
2003,2,15,11,1,12.24,123.81,23,6.2
2003,3,2,17,57,15.42,121.67,5,5
2003,4,7,8,55,5.38,127.02,9,5.1
2003,4,11,23,52,7.69,126.67,14,5
2003,4,12,13,42,13.72,120.47,107,5.3
2003,4,27,16,8,4.88,126.32,84,5.1
2003,5,22,17,45,11.3,125.47,30,5.3
2003,5,23,2,24,11.86,124.04,4,5.7
2003,5,23,5,58,11.92,123.99,5,5
2003,5,26,23,13,6.81,123.65,562,6.8
2003,6,8,6,12,19.77,121.63,18,5.4
2003,6,12,18,43,13.07,120.24,3,5.2
2003,6,26,0,18,4.44,126.98,4,5.3
2003,6,26,14,11,12.29,123.82,4,6
2003,7,1,5,52,4.65,122.87,625,5.8
2003,7,1,17,0,12.96,125.04,54,6
2003,7,7,19,55,20.27,122.12,29,5.2
2003,7,11,13,53,9.21,121.84,27,5.9
2003,7,28,23,44,5.08,126.83,56,5
2003,8,4,20,54,5.87,126.35,90,5.2
2003,9,1,15,13,12.25,122.22,13,5.3
2003,10,9,22,19,13.68,119.58,39,5
2003,11,18,17,14,12.19,125.58,38,6.6
2003,11,29,20,16,2.98,127.04,46,5.2
2003,12,6,5,41,11.45,125.81,3,5.2
2003,12,6,9,57,11.41,125.37,2,5
2003,12,10,15,51,17.81,120.66,11,5
2003,12,19,13,5,14.04,124.64,86,5.3
2004,1,29,9,48,6.56,127.14,202,5
2004,2,26,15,30,8.06,123.13,18,5
2004,2,26,17,25,8.18,123.29,20,5
2004,3,12,9,18,3.48,126.65,5,5.3
2004,3,27,23,21,11.34,124.37,2,5.1
2004,5,16,11,1,7.73,126.06,2,5.7
2004,5,17,8,11,7.71,126.07,1,5
2004,5,19,21,28,10.01,123.98,5,5.2
2004,5,27,10,10,6.69,126.06,51,5.7
2004,5,30,1,55,4.6,128.44,4,5.2
2004,6,28,5,6,12.74,123.1,21,5.2
2004,7,31,4,48,19.92,122.66,1,5.1
2004,8,20,17,13,8.24,125.95,15,5
2004,8,31,16,25,7.5,127.07,43,5.6
2004,9,7,7,4,5.53,124.05,26,5.3
2004,9,14,20,15,8.2,127.32,3,5.5
2004,9,15,19,10,14.28,120.17,91,6.2
2004,9,15,19,45,5.24,125.55,115,5.2
2004,10,8,14,36,13.82,120.41,94,6.2
2004,10,9,21,44,15.55,127.04,21,5.2
2004,10,11,6,37,5.38,126.43,32,5.7
2004,10,29,19,28,15.71,118.96,16,5.4
2004,11,27,9,40,19.65,121.2,17,5
2004,12,19,15,14,7.39,123.84,593,5.2
2005,1,13,0,7,5.78,126.29,1,5
2005,1,20,16,47,3.68,126.8,18,5.4
2005,2,5,12,23,5.03,123.53,558,6.9
2005,2,6,9,27,12.47,124.98,54,5.1
2005,2,9,20,59,13.7,120.54,89,5.4
2005,2,15,14,42,4.16,126.97,14,6.4
2005,2,20,4,52,9.66,126.27,27,5
2005,2,20,5,8,8.93,126.43,48,5.1
2005,2,22,3,20,12.7,123.1,19,5.7
2005,4,3,1,41,13.56,120.58,95,5.3
2005,5,19,14,17,6.28,125.77,124,5.2
2005,6,22,6,30,9.69,126.4,11,5.3
2005,7,14,22,53,10.64,122.48,26,5
2005,8,6,12,40,11.84,125.92,5,5.2
2005,8,6,20,25,19.2,121.03,26,5.1
2005,10,4,9,12,9.47,125.34,4,5
2005,11,18,4,33,14.75,123.23,15,5.2
2005,11,19,17,55,6.25,125.93,71,5.4
2005,11,25,5,31,5.69,126.34,39,5.8
2005,11,30,16,53,5.91,123.68,30,5.7
2005,12,11,16,23,14.02,120.65,205,5.1
2006,1,23,14,20,7.05,125.83,73,5.1
2006,3,27,23,43,12.06,121.37,13,5.3
2006,3,31,21,14,3.26,126.87,41,6.1
2006,4,1,21,44,3.82,126.04,54,5.4
2006,4,1,21,50,3.82,126.85,190,5
2006,4,16,17,46,5.99,125.06,213,5.5
2006,5,12,20,15,3.34,126.83,24,5.4
2006,5,22,5,5,5.78,126.23,102,5
2006,5,25,14,19,20.57,120.25,6,5
2006,5,28,9,0,19.57,121.1,35,5.3
2006,5,31,18,6,20.91,119.96,74,5.2
2006,9,5,4,52,7.59,126.65,132,5.6
2006,9,12,15,56,8.31,126.52,69,5.3
2006,10,4,3,54,5.69,125.51,13,5.5
2006,10,20,14,30,13.45,121.54,9,5.2
2006,10,20,14,30,13.45,121.54,10,5.2
2006,10,20,22,9,13.44,121.55,11,5.1
2006,10,30,7,39,3.78,126.05,68,5.2
2006,11,4,6,18,5.73,126.26,32,5.1
2006,11,9,15,43,5.75,126.08,104,5.3
2006,11,13,14,16,4.89,126.28,65,5.4
2006,11,14,10,48,6.33,123.64,21,5.2
2006,11,15,3,52,4.98,127.16,148,5.3
2006,11,15,4,43,6.54,123.63,5,5.5
2006,11,24,17,54,7.41,124.82,4,5
2006,11,29,0,47,5.64,124.02,15,5.3
2006,12,6,3,26,9.64,122.19,25,5
2006,12,11,23,26,2.17,128.5,167,5.9
2006,12,12,9,37,6.58,125.93,56,5.2
2006,12,12,15,48,3.45,125,247,6.2
2006,12,20,23,55,13.41,125.81,20,5.7
2006,12,20,23,55,13.41,125.81,21,5.6
2006,12,22,11,6,3.34,125.72,180,5.2
2006,12,26,12,26,21.65,120.73,12,7.1
2006,12,26,12,34,21.66,121.45,52,7
2006,12,26,17,35,21.78,120.47,16,5.1
2006,12,26,22,56,3.18,125.92,15,5.2
2007,1,6,10,54,11.79,125.98,9,5.2
2007,1,15,20,59,5.38,126.63,37,5
2007,1,18,5,40,9.73,126.39,39,5.2
2007,2,12,12,45,5.16,126.56,54,6.1
2007,2,18,21,4,21.38,120.19,13,5.1
2007,2,19,11,12,5.15,126.65,24,5.4
2007,3,13,5,50,3.84,126.57,14,5.5
2007,3,13,5,57,3.36,126.77,1,5.5
2007,3,15,6,7,3.95,126.45,9,5.3
2007,3,20,3,10,9.27,126.43,49,5.3
2007,3,26,11,17,6.72,126.21,38,5.2
2007,4,14,3,2,8.01,127.46,44,5.1
2007,4,20,2,48,20.28,122.27,27,5.1
2007,4,25,11,52,7.16,125.59,61,5.2
2007,4,26,12,4,12.63,123.38,17,5.3
2007,4,30,13,30,3.96,126.7,70,5
2007,5,6,18,27,17.45,119.98,24,5.4
2007,5,9,9,1,6.63,124.01,584,5.2
2007,5,11,23,0,8.79,126.95,93,5.2
2007,6,3,10,9,13.66,122.69,5,5.3
2007,6,14,14,49,10.35,125.17,12,5
2007,6,21,4,8,21.01,121.32,34,5
2007,7,13,0,18,9.28,123.08,1,5
2007,7,15,12,29,11.57,126.41,34,5.3
2007,7,17,12,42,13.52,120.7,104,5
2007,7,19,15,10,10.37,125.19,2,5.5
2007,8,20,13,46,6.1,127.54,16,6.6
2007,8,21,19,7,7.08,123.55,24,5
2007,9,11,1,55,4.17,127.47,22,5.3
2007,9,13,9,48,3.69,126.33,6,6.1
2007,9,14,6,8,20.89,121.03,47,5.1
2007,9,17,14,31,5.61,125.95,101,5.4
2007,9,22,3,59,13.27,124.67,40,5.1
2007,9,25,21,54,7.83,126.44,19,5
2007,9,29,6,42,6.43,127.54,1,5.5
2007,10,9,7,25,18.96,120.92,6,5.3
2007,10,20,19,25,5.56,126.14,33,5.1
2007,10,23,20,34,5.65,119.05,10,5.5
2007,10,23,20,34,5.65,119.05,10,5.5
2007,11,12,1,36,4.09,126.14,34,5.1
2007,11,17,15,2,5.7,126.83,52,5.4
2007,11,27,4,26,16.08,119.65,19,6
2007,11,29,9,3,4.17,127.21,222,5
2007,12,6,21,43,12.42,125.55,61,5.4
2007,12,9,5,22,12.47,125.61,23,5.4
2007,12,12,19,58,12.66,125.75,30,5
2007,12,27,17,52,9.65,126.35,5,5.4
2007,12,27,17,52,9.65,126.35,5,5.4
2008,1,5,6,2,14.46,124.67,1,5.1
2008,1,5,6,18,14.47,124.77,1,5.5
2008,1,7,7,46,12.37,125.58,96,5.1
2008,1,9,20,19,15.44,122.74,15,5
2008,1,12,10,13,3.5,126.78,14,5.2
2008,1,13,12,15,17.25,120.73,13,5.2
2008,1,25,13,29,3.34,122.25,616,5.2
2008,1,31,19,32,16.18,119.58,26,5.5
2008,2,4,3,32,18.36,122.56,17,5.1
2008,2,14,19,50,5.33,126.13,98,5
2008,2,26,17,13,8.4,126.93,62,5
2008,2,27,22,56,13.13,120.36,32,5.2
2008,3,3,13,49,19.6,121.18,14,5.7
2008,3,3,14,11,13.44,125.57,39,6.5
2008,3,15,16,42,12.43,125.23,14,5.1
2008,3,16,5,19,13.36,125.5,37,5.1
2008,3,20,14,10,6.09,126.84,53,5.3
2008,3,21,17,5,13.18,125.7,36,5.3
2008,3,21,17,40,13.14,125.85,36,5.1
2008,3,28,22,41,20.35,122.26,22,5.3
2008,3,29,3,1,13.26,125.52,37,5.7
2008,3,29,8,9,20.08,122.2,13,5.4
2008,4,1,1,31,19.99,122.13,27,5.1
2008,4,1,13,9,20.23,122.02,2,5.5
2008,4,1,23,9,13.7,125.63,8,5
2008,4,2,23,47,19.96,121.21,9,5.2
2008,4,6,21,17,20.05,122.09,1,5.1
2008,4,17,13,30,5.36,127.47,58,5
2008,4,20,5,25,12.71,124.78,49,5.4
2008,4,25,17,38,19.64,121.29,95,5.3
2008,5,13,14,14,16.53,122.41,26,5.4
2008,5,13,21,48,16.45,122.38,1,5.3
2008,5,16,12,57,6.51,125.43,33,5.3
2008,5,17,14,17,6.01,125.14,111,5.2
2008,6,1,1,57,20.22,121.19,15,6.3
2008,6,7,20,4,13.66,120.52,79,5.2
2008,6,10,7,44,5.03,126.6,96,5.2
2008,6,11,13,13,4.11,123.15,567,5
2008,6,25,6,40,12.07,125.7,19,5.3
2008,6,26,14,4,20.46,120.26,32,5.5
2008,7,6,12,1,15.4,122.38,1,5.4
2008,7,6,12,46,15.41,122.39,15,5.2
2008,7,8,1,41,15.43,122.41,3,5.4
2008,7,10,17,32,6.31,124.51,1,5.2
2008,7,13,14,58,21.51,120.83,59,5.7
2008,8,1,2,21,13.49,118.58,37,5
2008,8,1,10,35,13.6,120.65,117,5.3
2008,8,8,22,5,20.57,121.12,28,5
2008,8,15,10,25,13.04,124.32,7,5.8
2008,8,17,20,46,13.08,124.28,13,5.2
2008,8,20,13,18,13.04,124.35,13,5.2
2008,8,25,2,43,10.24,125.11,5,5.7
2008,8,30,12,4,13.05,124.33,7,5.1
2008,8,31,0,29,13.01,124.23,1,5
2008,9,1,17,19,4.53,126.03,102,5.6
2008,9,27,3,4,13.33,120.32,73,5.3
2008,9,27,3,9,13.32,120.08,86,6.5
2008,10,1,18,4,13.3,120.21,54,5.3
2008,10,4,18,52,4.16,127.41,3,5
2008,10,7,3,34,11.4,125.39,38,5.2
2008,10,8,19,9,13.07,124.38,18,5.5
2008,10,10,18,21,2.19,126.86,3,5
2008,10,14,1,4,5.33,123.75,498,5.2
2008,10,23,9,21,5.7,125.92,107,5.3
2008,10,27,20,25,18.97,121.2,1,5
2008,10,28,4,16,12.61,119.87,31,5
2008,10,31,17,56,3.39,125.22,60,5.1
2008,11,6,1,4,13.12,124.37,15,5
2008,11,6,7,45,13.02,124.32,9,5.1
2008,11,12,2,4,6.96,126.22,34,5
2008,12,4,23,13,3.95,122.52,579,5
2008,12,20,15,43,8.94,126.93,83,5.3
2008,12,25,3,20,5.72,125.63,196,6.3
2008,12,25,18,12,5.23,124.41,433,5.4
2008,12,30,3,20,5.33,125.67,112,5
2008,12,31,11,39,4.76,127.33,16,5.3
2009,1,9,7,28,16.2,119.55,6,5.1
2009,1,19,17,28,7.71,127.19,93,5.1
2009,1,29,22,43,10.96,124.75,4,5.1
2009,2,11,17,34,3.69,126.79,33,7.5
2009,2,12,3,49,3.51,126.5,8,5.8
2009,3,20,6,16,5.41,127.84,116,5
2009,3,31,13,26,14.8,123.65,62,5.2
2009,4,4,5,31,4.79,127.33,107,6.3
2009,4,11,21,45,3.97,125.67,121,5
2009,4,20,19,12,15.27,119.73,14,5.3
2009,4,21,18,47,12.36,126.13,56,5
2009,4,23,12,16,4.5,126.67,31,5.4
2009,5,13,8,54,4.12,126.61,14,5.7
2009,5,21,5,53,7.74,127.33,25,5.8
2009,5,21,7,35,7.81,127.19,52,5.1
2009,5,24,1,6,15.13,119.77,1,5.2
2009,5,29,19,51,5.86,125.9,170,5.8
2009,6,14,5,17,4.68,126.71,33,6.3
2009,6,14,8,15,4.94,126.98,15,5.1
2009,6,14,21,8,5.17,126.37,43,5.2
2009,6,27,6,33,19.03,120.94,10,5
2009,7,2,11,29,4.92,124.42,13,5.1
2009,7,4,0,41,13.79,120.52,94,5.1
2009,7,10,20,52,4.45,126.56,17,5.1
2009,7,21,7,13,6.01,125.93,89,5
2009,8,12,20,4,5.87,126.53,91,5.5
2009,8,14,20,56,13.44,125.3,64,5.1
2009,8,16,17,29,5.04,127.25,137,5.3
2009,8,20,12,12,3.29,126.63,29,5.3
2009,8,23,8,25,20.3,121.23,33,5.1
2009,8,26,22,20,9.53,123.86,572,5.3
2009,9,18,0,52,4.72,126.5,107,5
2009,9,18,6,23,12.47,120.33,21,6
2009,9,18,11,53,6.5,124.7,74,5.7
2009,9,19,1,41,6.45,124.73,16,5.3
2009,10,4,10,57,6.79,123.66,627,6.6
2009,10,7,21,41,3.91,122.75,606,6.7
2009,10,10,9,0,3.79,122.45,610,5
2009,10,18,23,50,13.77,120.49,135,5.8
2009,10,27,0,5,6.39,124.64,23,5.3
2009,10,31,0,7,15.32,119.93,8,5
2009,11,4,6,21,7.19,126.51,49,5.5
2009,11,11,13,48,9.37,125.58,16,5.8
2009,11,16,19,58,6.55,126.32,38,5.1
2009,11,17,0,39,5.82,126.97,119,5.2
2009,11,28,18,10,5.08,126.47,38,6
2009,11,29,2,28,5.11,126.47,64,5.2
2009,11,29,20,9,5.17,126.37,74,5.6
2009,12,1,16,11,5.29,127.32,109,5.3
2009,12,2,20,27,12.35,125.72,1,5.4
2009,12,10,15,6,6.67,126.34,46,5.2
2009,12,21,19,59,17.51,121.43,16,5.1
2009,12,26,5,9,6.43,126.25,13,5
2009,12,28,10,18,3.86,126.48,30,5.4
2009,12,29,22,14,10.12,126.72,84,5.1
2009,12,30,7,48,10.64,125.29,119,5.5
2009,12,30,11,17,6.35,126.54,31,5.5
2009,12,31,12,22,19.42,122.76,35,5
2010,1,3,21,38,6.51,126.23,20,5.3
2010,1,8,12,15,6.32,126.73,76,5.2
2010,1,13,12,42,6.58,124.31,7,5.1
2010,1,15,0,6,7.16,125.98,30,5.3
2010,1,16,19,53,13.57,120.52,60,5
2010,1,21,2,2,13.81,125.49,42,5.4
2010,1,27,18,49,13.74,125.46,71,6
2010,1,28,9,55,3.32,126.38,67,5.1
2010,2,1,4,56,13.79,120.51,111,5.1
2010,2,14,20,21,5.6,126,135,5
2010,2,15,10,15,6.09,126.88,72,5.4
2010,2,16,6,48,19.01,121.07,3,5
2010,2,26,8,37,6.65,126.57,50,5.6
2010,2,26,16,18,5.75,125.78,14,5.1
2010,2,28,16,5,19.54,121.4,15,5.1
2010,3,1,3,15,6.93,126.26,21,5
2010,3,2,2,51,18.4,122.57,19,6.1
2010,3,2,22,18,3.66,126.54,82,5.1
2010,3,8,17,22,20.13,122.02,11,5.1
2010,3,9,6,0,11.32,125.52,70,5.1
2010,3,14,9,54,8.71,126.6,10,5
2010,3,14,18,23,5.34,127.42,3,5
2010,3,22,19,58,18.43,120.75,17,5.7
2010,3,25,5,29,13.74,119.73,11,6
2010,3,26,18,17,13.49,125.24,57,5.1
2010,4,17,7,22,3.53,126.85,70,5.3
2010,5,31,10,15,6.93,123.88,6,5.8
2010,6,10,2,13,6.99,127.13,19,5.2
2010,6,27,23,47,4.55,127.22,51,5.4
2010,7,23,22,8,6.84,123.54,598,6.9
2010,7,23,22,19,6.75,123.6,595,5.5
2010,7,23,22,51,6.68,123.58,568,7.1
2010,7,23,23,15,6.57,123.34,638,7.1
2010,7,24,5,35,6.21,123.67,563,6
2010,7,26,16,37,6.86,123.67,595,5
2010,7,26,23,6,6.7,123.14,648,5.4
2010,7,29,7,31,6.4,123.4,616,6.6
2010,7,29,8,55,6.58,123.38,601,5.5
2010,8,4,0,43,6.72,127.13,21,5
2010,8,24,20,48,6.64,123.59,629,5
2010,9,6,3,8,6.04,126.09,42,5.1
2010,9,12,16,35,5.18,124.35,33,5
2010,9,14,7,33,5.32,124.46,32,5.2
2010,9,14,13,8,5.5,124.46,25,5.1
2010,9,17,19,34,3.83,126.54,30,5.1
2010,9,30,9,0,19.82,121.39,26,5.6
2010,10,4,1,38,19.22,122.02,14,5.8
2010,10,5,8,26,6.76,123.76,602,5
2010,10,6,21,57,6.67,124.8,8,5.2
2010,10,15,18,57,18.3,120.52,31,5.2
2010,10,20,7,12,12.88,124.61,18,5
2010,11,3,22,24,12.79,122.95,23,5.2
2010,11,5,16,40,12.83,122.9,19,5.8
2010,11,10,10,30,15.12,119.73,16,5.2
2010,11,26,1,22,20.37,121.22,36,5
2010,12,8,6,47,7.4,126.57,14,5.8
2010,12,13,0,24,16.44,121.14,31,5.1
2010,12,16,20,3,10.5,126.4,35,5
2010,12,18,5,6,10.37,126.29,14,5.6
2010,12,18,6,11,10.37,126.29,11,5
2010,12,30,16,56,9.99,126.35,4,5.1
2011,1,24,6,28,6.35,123.6,596,5
2011,2,8,21,1,18.06,120.82,57,5.3
2011,2,10,14,39,4.06,123.15,540,6.7
2011,2,10,14,41,4.1,123.28,552,6.5
2011,2,15,7,18,21.14,121.19,52,5.7
2011,2,17,22,20,16.45,120.48,14,5
2011,3,3,12,52,4.57,126.69,60,5.6
2011,3,3,15,11,9.51,125.9,3,5.7
2011,3,9,14,52,4.77,126.46,47,5.5
2011,3,9,17,57,19.92,121.16,35,5.2
2011,3,10,19,6,13.65,120.36,78,5.1
2011,3,20,8,26,19.06,121.28,39,6.1
2011,3,21,10,36,13.86,120.23,75,5.7
2011,4,8,18,29,13.84,119.79,33,5.4
2011,4,14,16,11,5.81,126.29,151,5.2
2011,4,19,5,30,19.41,121.06,19,5.3
2011,4,29,13,12,20.91,121.89,183,5.1
2011,5,9,19,13,4.73,126.73,59,5.5
2011,5,21,7,7,5.85,125.83,158,5.3
2011,5,21,13,8,17.19,121.89,13,5.5
2011,5,22,16,42,13.65,120.71,103,5.7
2011,5,27,14,19,5.86,126.3,68,5
2011,5,28,20,17,4.86,127.72,71,5.5
2011,5,29,9,15,10.6,122.1,21,5
2011,6,24,17,23,6.74,123.75,593,5
2011,6,29,20,51,13.56,125.4,35,5.2
2011,7,7,7,10,6.23,124.25,576,5.2
2011,7,10,16,42,9.49,122.14,31,5.2
2011,7,11,20,47,9.51,122.02,4,6.2
2011,7,11,21,3,9.69,122.57,101,5.7
2011,7,25,17,15,15.07,119.86,37,5.9
2011,8,2,9,0,12.63,126.17,33,5.1
2011,8,11,2,56,19,121.14,16,5.2
2011,8,12,2,29,13.43,120.89,142,5
2011,9,7,6,7,10.06,125.96,138,5.4
2011,9,12,7,30,5.77,127.76,142,5
2011,9,29,5,16,8.31,126.99,1,5
2011,10,1,4,21,7.45,123.93,621,5.2
2011,11,5,23,28,6.71,123.87,573,5
2011,11,7,9,43,7.99,125.01,1,5.2
2011,11,29,8,29,14.07,119.21,62,5
2011,11,30,0,27,15.47,119.02,16,6
2011,12,23,4,27,13.07,120.31,22,5.3
2011,12,26,20,34,9.36,126.49,6,5.1
2012,1,7,18,1,19.29,121.25,13,5
2012,1,12,0,19,8.39,125.87,1,5
2012,1,14,16,36,19.17,121.14,28,5.5
2012,1,17,10,0,6.52,125.88,90,5.1
2012,1,17,12,55,11.3,126.13,16,5.9
2012,1,20,22,50,4.83,125.01,51,5
2012,1,24,10,34,8.54,126.12,191,5.3
2012,1,28,0,17,13.55,124.74,22,5.5
2012,1,28,4,46,19.39,120.98,26,5
2012,1,29,0,6,5.81,124.9,372,5.2
2012,2,1,4,30,11.73,125.74,21,5
2012,2,4,13,9,12.1,126.16,19,5.9
2012,2,4,13,19,12.18,126.11,48,5.4
2012,2,4,19,29,12.15,126.12,2,5.4
2012,2,6,3,49,9.97,123.17,5,6.9
2012,2,6,4,20,10.07,123.15,13,5.3
2012,2,6,10,10,9.92,123.17,1,6.3
2012,2,6,11,33,9.92,123.11,6,5.5
2012,2,6,11,40,9.93,123.08,8,5.2
2012,2,6,16,46,5.81,124.05,497,5
2012,2,7,20,37,10.15,123.26,10,5.1
2012,2,7,21,59,10.06,123.25,7,5.2
2012,2,24,5,42,9.99,126.18,18,5
2012,3,5,23,6,12.4,123.64,7,5.2
2012,3,8,15,30,13.55,120.32,4,5.1
2012,3,8,20,3,13.51,120.2,5,5.3
2012,3,16,7,58,9.98,125.6,17,5.9
2012,5,5,18,43,5.82,126.6,70,5
2012,5,9,4,35,6.47,127.58,40,5.1
2012,6,3,13,51,6.58,124.02,631,5.3
2012,6,11,13,31,6.65,123.85,604,5.1
2012,6,15,1,14,5.57,126.42,11,6
2012,6,16,22,18,15.62,119.32,23,6
2012,7,5,8,14,4.64,126.56,71,5.3
2012,7,14,20,12,14.93,119.46,1,5.1
2012,7,29,3,4,7.86,126.47,8,5
2012,8,7,5,3,13.81,119.76,32,5
2012,8,31,12,47,10.92,127.05,51,7.6
2012,8,31,13,14,10.72,127.09,33,6.6
2012,8,31,13,27,10.83,127.18,108,6.3
2012,8,31,13,36,10.69,127.56,34,5.7
2012,8,31,15,59,10.83,126.88,72,5
2012,8,31,23,37,10.52,126.88,32,5.8
2012,9,1,0,24,10.33,126.62,1,5.3
2012,9,1,12,27,10.61,127.06,42,5.2
2012,9,2,14,42,11.41,126.7,27,5.4
2012,9,2,17,53,11,126.87,26,5
2012,9,2,18,30,10.69,127.06,54,5
2012,9,3,2,14,10.43,126.9,7,5.3
2012,9,3,6,49,6.54,123.58,1,5.9
2012,9,3,19,44,7.91,124.88,5,5.7
2012,9,4,0,50,10.67,127.1,33,5.4
2012,9,4,6,42,10.78,126.88,91,5.5
2012,9,4,6,58,10.7,126.77,22,5.6
2012,9,4,9,58,10.55,127.13,101,5.3
2012,9,4,14,43,10.7,127.29,83,5.3
2012,9,4,15,11,10.8,127.09,28,5.4
2012,9,4,23,12,10.68,126.88,46,5
2012,9,5,0,35,11.64,126.49,4,5.3
2012,9,7,10,43,7.12,127.16,8,5
2012,9,10,11,23,3.37,126.75,47,5.2
2012,9,13,5,54,10.47,127.12,37,5.1
2012,9,15,7,3,12.72,125.83,24,5.3
2012,9,15,10,26,12.72,125.79,23,5.4
2012,9,20,21,21,5.84,126.56,79,5.5
2012,9,21,15,24,9.74,126.89,86,5.1
2012,9,21,15,26,9.77,126.99,28,5.2
2012,9,23,6,30,12.94,124.99,51,5.2
2012,9,29,14,12,13.85,120.54,126,5.2
2012,10,2,6,25,8.19,123.08,24,5.2
2012,10,3,18,28,6.54,126.62,162,5.3
2012,10,4,1,55,13.09,120.33,28,5.3
2012,10,4,14,45,9.86,126.61,19,5.2
2012,10,4,17,3,5.48,126.2,71,5.1
2012,10,7,3,14,18.69,120.89,29,5.6
2012,10,17,4,42,3.99,124.53,329,5.7
2012,10,25,22,58,11.33,126.3,28,5
2012,10,27,15,46,10.58,126.97,77,5.2
2012,10,28,2,43,10.67,126.76,14,5.5
2012,11,2,18,17,9.31,126.4,28,6.5
2012,11,3,11,12,10.65,126.92,33,5.2
2012,11,4,23,46,4.74,124.57,15,5.2
2012,11,5,0,55,4.58,124.63,2,5.1
2012,11,5,8,48,4.78,124.7,14,5
2012,11,14,5,21,10.03,122.2,21,5.8
2012,11,18,20,1,5.82,125.9,135,5.2
2012,11,23,4,52,14.15,120.57,196,5
2012,11,24,20,28,6.52,123.63,630,5
2012,11,28,10,22,19.08,121.23,21,5
2012,12,6,0,43,11.06,126.58,26,5.4
2012,12,9,21,45,6.94,126.04,27,5.8
2012,12,22,18,7,19.16,121.32,82,5.1
2012,12,23,12,52,3.74,125.92,14,5
2012,12,24,12,58,3.89,126.6,50,5
2013,1,14,11,3,14.99,119.57,14,5
2013,1,19,13,48,11.4,125.45,52,5.5
2013,1,26,17,31,5.54,127.22,109,5.3
2013,1,30,2,32,10.75,126.84,19,5.5
2013,2,16,4,37,5.45,125.84,110,6.2
2013,3,18,22,1,3.18,127.12,21,5.2
2013,3,30,1,50,10.02,126.32,39,5.2
2013,4,4,2,27,15.86,121.7,25,5.4
2013,4,10,20,20,20.8,122.03,33,6.1
2013,4,12,10,34,4.37,127.83,103,5
2013,4,17,9,51,7.3,124.8,6,5.3
2013,5,1,5,37,15.1,123.28,45,5.2
2013,5,9,17,45,4.34,123.49,465,5.6
2013,5,24,2,17,2.13,127.88,24,5.2
2013,6,1,14,10,7.29,124.79,1,5.7
2013,6,2,20,8,7.36,124.79,12,5.7
2013,6,8,2,11,10.8,126.97,40,5.1
2013,6,8,7,37,10.84,126.86,28,5.2
2013,6,8,15,38,10.76,126.96,36,5
2013,7,15,1,28,7.34,124.81,3,5.2
2013,8,18,22,34,6.33,124.7,385,5.6
2013,9,3,23,46,5.24,125.75,110,5.3
2013,9,6,11,33,20.27,122.34,186,5.9
2013,9,16,4,8,5.97,126.13,142,5
2013,10,15,0,12,9.85,124.04,12,7.2
2013,10,15,2,42,9.87,124.01,9,5.1
2013,10,15,8,42,9.83,123.69,3,5.5
2013,10,15,8,52,9.91,124.01,5,5.1
2013,10,15,13,51,9.77,123.66,7,5.1
2013,10,16,1,36,9.75,123.62,1,5.2
2013,10,16,9,56,9.91,124.07,7,5
2013,10,19,20,40,10.03,124.24,5,5.1
2013,10,20,23,3,9.89,124.03,7,5.4
2013,10,22,20,53,5.28,125.92,19,5.1
2013,10,29,15,46,7.52,125.21,123,5
2013,11,1,13,58,9.85,124.12,5,5.2
2013,11,3,11,3,4.63,123.48,561,6
2013,11,19,13,32,2.81,128.33,176,5.6
2013,12,3,23,58,6.41,126.38,41,5.7
2013,12,17,22,43,3.15,126.82,1,5.4
2013,12,31,20,1,19.14,120.14,34,5.5
2013,12,31,21,32,19.17,120.08,33,5
2013,12,31,23,41,19.15,120.14,33,5.1
2014,1,2,9,56,10.45,126.64,15,5.1
2014,1,2,9,56,10.45,126.44,20,5.1
2014,1,5,14,41,2.81,128.23,8,5
2014,1,12,13,7,5.52,125.75,133,5
2014,1,26,2,41,11.25,124.7,1,5
2014,2,17,5,55,18.62,120.34,18,5.7
2014,3,15,10,55,10.65,126.89,32,5.2
2014,3,17,5,30,9.46,125.28,10,5.4
2014,4,15,2,43,8.85,126.78,1,5.1
2014,4,21,20,45,17.5,119.76,16,5.9
2014,4,28,0,43,19.73,120.06,47,5.4
2014,5,4,8,53,4.26,126.73,52,5.1
2014,5,9,5,44,5.63,125.74,126,5.7
2014,5,11,13,30,5.41,126.67,46,5.7
2014,5,15,10,16,9.3,121.87,38,6.3
2014,5,30,15,26,9.36,126.91,1,5.6
2014,5,30,16,36,9.42,126.93,31,5.1
2014,5,30,18,15,9.42,126.93,7,5
2014,5,31,18,46,9.39,126.77,116,5.1
2014,5,31,19,35,9.35,126.62,1,5.5
2014,5,31,19,44,9.4,126.75,80,5
2014,6,1,19,1,3.34,125.99,150,5.3
2014,6,1,19,21,9.45,127.14,22,5.1
2014,6,2,1,4,9.5,126.82,42,5
2014,6,4,4,17,6.05,126.47,70,5
2014,6,8,4,33,13.15,120.13,1,5.1
2014,6,9,21,45,10.14,121.98,5,5.1
2014,6,11,9,8,9.71,125.79,20,5
2014,6,22,16,34,2.69,128.04,150,5
2014,6,25,11,52,13.55,120.51,40,5.8
2014,7,14,8,0,5.51,126.41,31,6.1
2014,7,24,23,57,10.3,125.2,9,5.4
2014,8,7,5,24,4.47,126.29,43,5
2014,8,10,13,33,5.93,127.13,99,5.5
2014,9,1,2,49,19.38,121.58,48,5.2
2014,9,3,13,43,15.16,122.43,12,5.5
2014,9,7,15,55,5.44,128.27,63,5.6
2014,9,9,0,26,5.09,120.88,87,5.1
2014,9,17,10,36,6.54,126.79,26,5
2014,9,19,23,9,6.88,125.1,1,5
2014,9,20,4,26,6.75,124.98,15,6.2
2014,9,26,16,15,13.95,124.53,12,5
2014,10,3,8,5,11.44,122.12,13,5.7
2014,10,4,17,38,11.01,126.18,19,5.1
2014,10,10,12,58,4.45,126.3,13,5
2014,10,20,18,53,6.8,125.06,3,5
2014,10,22,2,30,6.73,125.01,4,5
2014,10,25,10,52,8.42,125.88,14,5
2014,10,27,8,34,9.73,126.75,25,5
2014,11,7,22,54,6.8,126.93,23,5.2
2014,11,10,4,41,10.03,126.84,7,5.5
2014,11,17,13,34,19.57,120.59,14,5.2
2014,11,17,13,34,19.57,120.59,14,5.2
2014,11,18,9,14,19.51,120.64,12,5.1
2014,11,21,3,29,20.75,119.92,31,6.2
2014,11,29,15,36,20.08,121.21,31,5.5
2014,12,2,5,11,5.93,123.37,686,6.4
2014,12,10,20,27,19.17,121.05,19,5.2
2014,12,20,0,25,11.65,126.29,1,5.6
2014,12,21,10,0,11.53,125.81,17,5.2
2014,12,29,9,29,8.59,121.39,32,6.1
2014,12,30,12,11,9.87,126.46,47,5.2
2014,12,31,9,26,13.72,120.51,107,5.4
2015,1,10,19,31,14.74,119.91,48,5.9
2015,1,13,15,33,13.01,124.52,3,5
2015,1,17,5,9,13.89,120.45,128,5.1
2015,1,18,0,27,13.91,120.49,117,5
2015,1,19,17,19,4.76,119.82,35,5.6
2015,1,20,3,2,5.84,127,51,5
2015,1,20,20,33,6.24,123.89,623,5.2
2015,1,21,5,20,5.59,125.47,44,5.2
2015,1,22,14,49,19.5,121.28,9,5.2
2015,1,26,7,9,9.82,122.26,16,5.1
2015,2,2,15,13,13.92,124.48,17,5.7
2015,2,6,8,3,9.65,126.36,22,5.2
2015,2,10,13,29,11.43,126.48,7,5.7
2015,2,10,16,9,14,120.36,101,5
2015,2,25,1,31,6.34,119.95,42,5.5
2015,3,26,16,46,5.76,126.63,45,5
2015,5,13,15,55,13.12,124.28,3,5.1
2015,6,7,15,45,10.96,126.67,49,5
2015,6,13,5,3,13.82,120.49,118,5
2015,6,15,21,4,3.82,126.17,28,5.8
2015,7,3,6,43,10.11,126.16,26,6.1
2015,7,5,12,56,18,122.58,1,5.3
2015,7,8,12,1,10,126.28,13,5.1
2015,7,17,14,19,9.16,126.96,19,5
2015,7,18,15,46,18.83,121.03,9,5.3
2015,7,25,8,41,12.94,124.79,42,5.2
2015,8,9,4,49,13.43,120.19,17,5.1
2015,9,2,1,18,4.27,124.86,330,6.1
2015,9,12,17,7,17.52,122.66,34,5.7
2015,9,17,8,34,5.66,125.78,4,5
2015,9,26,17,23,5.3,124.05,541,5.3
2015,10,19,13,50,13.84,120.38,89,5.8
2015,11,7,12,29,5.2,125.73,136,5.3
2015,11,7,19,40,16.55,119.42,32,5.2
2015,11,25,11,22,4.1,125.87,127,5
2015,12,17,12,44,17.76,120.51,60,5.2
2015,12,20,9,28,12.92,124.38,112,5.3
2015,12,26,22,11,10.01,126.17,29,5.2
2016,1,5,20,36,10.14,126.34,10,5.2
2016,1,11,16,37,2.97,127.42,42,6.4
2016,1,14,13,14,9.55,126.37,8,5.5
2016,1,25,9,17,2.56,128.7,64,5
2016,2,5,5,0,13.78,122.28,3,5.2
2016,2,28,9,6,5.19,125.41,178,5.6
2016,3,3,16,23,3.96,125.89,115,5.1
2016,3,12,4,0,18.25,120.1,23,5.5
2016,3,16,12,4,4.24,125.15,33,5
2016,3,16,13,9,4.58,125.24,42,5.6
2016,4,5,8,29,2.89,128.13,14,5.9
2016,4,13,18,21,7.83,121.97,27,6
2016,4,19,17,17,7.95,126.5,96,5
2016,4,19,18,33,15.59,119.95,33,5
2016,4,19,22,24,15.78,119.6,9,5
2016,4,25,18,13,21.17,121.23,15,5.2
2016,6,3,11,50,20.55,120.22,32,5.1
2016,6,19,18,20,19.96,121.38,26,5.9
2016,6,25,6,40,6.49,126.2,37,5.1
2016,7,26,14,29,9.67,125.47,12,5.3
2016,7,27,11,56,11.04,124.63,1,5.2
2016,8,6,9,8,6.2,125.31,74,5.4
2016,8,10,4,6,5.45,125.77,116,5.4
2016,8,10,8,17,5.48,125.42,56,5.3
2016,8,13,14,4,11.59,124.32,3,5
2016,9,2,8,39,6.35,123.77,1,5
2016,9,2,9,7,13.73,120.54,84,5
2016,9,4,2,38,8.39,125.81,6,6
2016,9,10,16,29,5.3,127.02,49,5.4
2016,9,16,7,50,5.8,125.68,180,5.3
2016,9,23,22,53,6.59,126.5,38,6.5
2016,10,2,13,40,16.5,119.72,20,5.5
2016,10,13,20,18,4.1,126.2,10,5.7
2016,10,14,18,29,9.1,125.47,34,5.3
2016,11,10,7,10,14.84,121.4,9,5
2016,12,4,5,24,4.32,127.86,124,5.6
2016,12,15,1,6,10.27,126.3,24,5
2016,12,19,20,44,10.24,125.93,41,5.4
2016,12,22,3,2,11.43,125.52,47,5.1
2016,12,23,16,9,9.96,126.41,17,5.3
2016,12,26,1,23,19.09,121.27,19,5
2017,1,10,6,13,4.29,122.96,661,7.2
2017,1,21,5,16,2.43,128.28,65,5.6
2017,2,10,14,3,9.9,125.39,9,6.7
2017,2,13,20,3,9.69,125.38,23,5
2017,2,25,18,57,10.61,127.22,52,5.1
2017,3,5,0,8,9.76,125.38,10,5.9
2017,3,29,3,30,2.64,126,109,5.6
2017,4,4,12,58,13.69,120.93,6,5.5
2017,4,8,7,7,13.66,120.88,8,5.8
2017,4,8,7,9,13.66,120.88,2,6
2017,4,10,0,43,13.03,125.6,19,5.4
2017,4,10,10,38,5.53,127.51,15,5.7
2017,4,10,11,8,5.76,127.32,54,5.1
2017,4,11,17,41,5.79,127.49,31,5
2017,4,11,21,20,7.71,124.66,1,6
2017,4,12,20,1,7.66,124.69,2,5.3
2017,4,13,16,5,5.63,127.48,9,5.2
2017,4,15,20,40,7.75,124.68,1,5.3
2017,4,23,1,19,9.18,126.39,21,5.2
2017,4,28,20,23,5.4,125.06,16,7.2
2017,5,20,1,6,9.43,124.16,564,5.6
2017,5,25,14,27,15.08,120.06,83,5.4
2017,6,9,12,58,5.48,125.15,23,5.2
2017,6,24,20,37,17.55,119.85,32,5.7
2017,6,26,7,41,10.23,126.18,17,5.2
2017,6,27,1,5,2.68,128.47,142,5.1
2017,7,6,8,3,11.13,124.71,4,6.5
2017,7,10,1,41,11.04,124.74,1,5.8
2017,7,25,19,51,10.16,121.95,4,5
2017,8,5,0,30,6.45,125.29,19,5.9
2017,8,5,7,39,7.94,125.07,10,5.1
2017,8,10,0,43,9.5,124.26,524,5.4
2017,8,11,5,28,13.95,120.53,176,6.3
2017,8,22,22,26,10.96,124.63,3,5.1
2017,8,29,22,8,19.23,121.09,18,5.3
2017,9,23,20,47,7.66,124.68,2,5.4
2017,10,21,1,32,3.8,127.78,54,5.3
2017,10,22,14,21,13.97,120.52,203,5.4
2017,11,8,7,23,6.21,125.9,113,5.1
2017,11,30,1,16,7.27,126.96,26,5.1
2017,11,30,18,57,7.78,124.78,1,5.1
2017,12,17,14,32,10.34,126.12,10,5.1
2017,12,25,12,47,3.57,126.3,33,5.5
2017,12,28,17,20,3.36,127.29,16,5.9
2017,12,31,14,53,5.19,124.98,19,5.2
2018,1,6,13,52,3.94,126.49,1,5
2018,1,6,13,52,3.91,126.63,25,5
2018,1,6,18,35,4,126.53,11,5.1
2018,1,14,15,20,13.28,120.25,7,5.1
2018,1,14,15,49,13.28,120.23,5,5.2
2018,3,15,7,19,8.08,124.54,3,5
2018,3,24,10,34,10.2,126.23,20,5.1
2018,3,24,18,58,20.57,120.58,25,5
2018,4,3,9,14,2.92,127.95,60,5.5
2018,4,5,3,53,6.8,126.7,24,6.1
2018,5,5,6,19,14.61,124.08,33,6.2
2018,5,10,18,2,6.92,123.98,548,5.9
2018,5,10,20,6,5.54,126.65,79,5
2018,5,11,20,56,6.06,125.78,120,5.1
2018,5,13,15,33,5.33,125.58,174,5.3
2018,6,1,10,21,7.28,123.9,591,5.2
2018,6,13,14,59,6.49,126.35,125,5.2
2018,6,17,2,39,6.05,125.78,128,5.2
2018,6,17,9,46,14.97,119.64,16,5.4
2018,6,18,5,22,20.31,121.18,34,5
2018,7,3,4,25,14,120.37,125,5.2
2018,7,3,9,59,5.84,125.24,90,5.7
2018,7,10,16,24,9.76,125.4,8,5
2018,7,22,18,28,4.61,124.86,15,5.2
2018,8,21,4,10,19.15,121.21,17,5
2018,8,24,4,33,11.11,126.29,7,5.3
2018,8,31,14,40,13.58,120.72,110,5.5
2018,9,8,7,16,7,126.79,13,6.2
2018,9,10,11,57,10.72,126.46,1,5.2
2018,9,13,16,49,3.16,127.84,136,5.1
2018,9,27,4,44,10.54,126.61,1,5
2018,10,16,3,52,8.54,122.64,6,5.1
2018,10,17,18,34,12.4,124.58,112,5.2
2018,10,20,18,51,5.06,126.74,43,5.4
2018,10,28,8,9,3.8,126.47,1,5.2
2018,10,29,13,41,8.55,126.9,6,5.3
2018,10,29,14,40,8.51,126.84,9,5.3
2018,10,29,14,51,8.57,127.18,1,5.3
2018,11,4,7,55,7.78,124.02,629,6
2018,10,16,3,52,8.54,122.64,6,5.1
2018,10,20,18,51,5.06,126.74,43,5.4
2018,10,28,8,9,3.8,126.47,1,5.2
2018,10,29,13,41,8.55,126.9,6,5.3
2018,10,29,14,40,8.51,126.84,9,5.3
2018,10,29,14,51,8.57,127.18,1,5.3
2018,11,4,7,55,7.78,124.02,629,6
2018,12,6,14,13,6.64,125.68,169,5.4
2018,12,29,3,39,5.59,127.17,52,7
2018,12,29,9,12,5.6,127.04,43,5.5
2019,1,7,3,11,7.91,121.93,30,5.5
2019,1,15,20,3,5.95,126.87,40,6
2019,1,16,10,53,4.44,127.96,97,5.4
2019,1,18,18,51,2.96,129.06,127,5
2019,1,21,16,47,4.31,126.35,3,5.1
2019,1,24,8,34,19.17,121.25,27,5.5
2019,1,27,6,24,11.51,125.95,7,5.1
2019,2,5,23,17,2.76,128.46,195,5.1
2019,2,6,10,25,15.91,120.31,131,5.5
2019,2,8,11,55,9.79,126.59,11,5.9
2019,2,9,22,21,9.82,126.36,3,5.1
2019,2,10,14,33,9.88,126.45,8,5.1
2019,2,12,8,1,4.59,126.19,45,5.1
2019,3,1,1,0,4.93,125.46,186,5.1
2019,3,2,19,46,18.63,120.37,28,5.3
2019,3,6,0,12,8.34,127.31,14,5.5
2019,3,8,15,6,10.37,126.13,17,6.2
2019,3,15,23,7,6.14,125.34,96,5.6
2019,3,16,9,58,13.6,120.63,114,5.2
2019,4,1,2,16,10.61,125.93,28,5.4
2019,4,6,21,58,11.69,125.85,10,5.2
2019,4,15,1,32,19.17,120.89,4,5.2
2019,4,19,7,29,5.19,126.96,43,5.3
2019,4,22,9,11,15.02,120.34,10,6.1
2019,4,23,5,37,11.79,125.37,61,6.5
2019,4,26,5,26,9.78,126.79,11,5.5
2019,4,26,6,4,9.77,126.77,3,5
2019,4,26,8,4,9.79,126.74,12,5.5
2019,5,4,1,5,12.33,120.81,8,5.5
2019,5,5,1,56,8.83,126.99,23,5
2019,5,6,2,48,18.7,120.84,15,5.4
2019,5,12,8,59,19.3,121.1,20,5.2
2019,5,31,10,12,6.15,126.7,78,6.2
2019,6,1,9,45,6.09,126.7,76,5.4
2019,6,5,20,41,6.39,124.38,476,5.4
2019,6,29,19,0,9.6,124.95,30,5
2019,7,1,16,59,9.19,124.32,554,5.9
2019,7,9,12,36,6.83,125.02,10,5.6
2019,7,12,20,42,9.32,125.99,4,5.5
2019,7,26,20,16,20.98,122.21,15,5.4
2019,7,26,23,37,21.07,121.96,8,5.9
2019,7,27,1,24,20.89,121.84,13,5.8
2019,7,27,10,11,20.78,122.07,15,5.3
2019,8,2,16,10,6.02,126.03,144,5.6
2019,8,2,17,28,12.87,124.96,20,5
2019,8,31,13,2,7.47,126.76,29,5.2
2019,9,5,13,58,14.63,116.3,31,5.1
2019,9,8,13,49,5.61,125.74,46,5
2019,9,8,14,6,5.61,125.74,46,5
2019,9,10,5,39,6.55,126.42,59,5.8
2019,9,10,5,42,6.55,126.42,59,5.8
2019,9,13,8,28,15.1,122.23,55,5.3
2019,9,18,7,0,5.07,126.64,28,5.6
2019,9,20,18,4,14.1,124.59,1,5
2019,9,29,2,2,5.52,126.66,63,6.4
2019,9,29,7,40,5.43,126.63,58,5.3
2019,10,16,11,37,6.76,125.01,9,6.3
2019,10,16,12,9,6.76,125.01,9,5.5
2019,10,16,20,53,7.25,126.6,128,5.2
2019,10,17,1,28,4.55,126.42,66,5.3
2019,10,17,6,18,6.79,124.98,1,5.2
2019,10,18,22,52,6.83,125,17,5
2019,10,29,1,4,6.81,125.03,7,6.6
2019,10,29,2,42,6.85,125.02,11,6.1
2019,10,29,8,33,7.03,125,2,5.4
2019,10,29,21,22,6.86,125.06,5,5
2019,10,31,1,11,6.92,125.06,8,6.5
2019,11,1,2,33,2.73,126.82,33,5.5
2019,11,1,6,7,6.8,125.11,2,5
2019,11,6,20,52,14.98,122.65,7,5.5
2019,11,8,5,31,10.75,125.63,23,5.2
2019,11,8,19,57,4.78,127.82,89,5
2019,11,18,13,22,7.67,124.89,6,5.9
2019,12,5,12,24,5.24,127,33,5.6
2019,12,15,6,11,6.76,125.13,9,6.9
2019,12,15,7,9,6.61,125.36,1,5.2
2019,12,17,20,18,6.53,125.32,10,5.3
2019,12,25,16,56,3.64,126.72,34,5.4
2020,1,6,2,58,6.01,126.35,58,5.4
2020,1,6,15,25,5.45,125.52,1,5
2020,1,12,18,53,9.42,126.27,28,5
2020,2,6,21,40,5.28,126.56,1,6.1
2020,2,20,17,54,5.67,125.68,193,5.4
2020,2,28,3,13,3.88,126.01,135,5.5
2020,3,2,5,19,11.32,124.55,10,5.4
2020,3,13,6,0,14.66,118.94,33,5
2020,3,18,11,13,2.83,127.62,168,5.4
2020,3,20,4,8,14.78,124.23,8,5
2020,3,26,23,38,5.46,125.1,48,6.1
2020,4,11,0,44,20.51,122.08,171,6
2020,4,11,2,45,5.61,126.6,75,5.1
2020,4,12,4,23,2.42,126.95,126,5.1
2020,4,15,9,7,11.42,125.14,87,5.1
2020,4,15,10,1,19.71,121.94,9,5
2020,4,19,21,9,3.92,126.12,102,5.1
2020,4,27,7,48,5.82,127.06,43,5.2
2020,5,10,3,18,14.03,120.22,82,5.4
2020,5,20,20,45,5.03,126.12,75,5
2020,5,23,10,10,15.57,121.52,7,5.1
2020,5,28,13,17,16.72,120.2,57,5.2
2020,5,30,21,6,3.66,126.53,71,5.6
2020,6,4,16,49,2.92,128.83,123,6.6
2020,6,5,21,37,12.74,121.07,15,5.1
2020,6,22,16,2,17.21,119.93,4,5
2020,6,26,19,54,19.11,121.19,29,5.4
2020,7,26,11,12,6.35,126.93,63,5.6
2020,7,28,1,32,8.89,126.57,45,5.8
2020,7,31,14,6,8.51,126.84,19,5.7
2020,8,2,1,8,7.2,124.32,537,6.4
2020,8,13,6,32,19.98,121.24,20,5.4
2020,8,16,10,53,19.69,122.11,3,5
2020,8,16,15,22,6.4,123.64,611,5.1
2020,8,18,8,3,11.98,124.01,13,6.6
2020,8,19,5,50,11.86,124.07,2,5.1
2020,9,6,23,23,6.08,125.92,143,6.4
2020,9,9,11,41,3.79,126.74,1,5.5
2020,9,9,15,18,3.44,126.28,1,5.9
2020,9,20,21,28,6.6,125.66,171,5
2020,9,21,6,13,9.26,127.02,22,5.7
2020,9,21,6,21,9.38,127.04,7,5.2
2020,9,24,10,25,9.35,126.88,16,5.2
2020,10,1,6,10,9.23,126.59,15,5.3
2020,10,5,2,16,13.66,120.55,120,5.6
2020,10,13,3,21,9.8,126.24,55,5
2020,10,17,4,6,13.58,120.11,29,5.4
2020,10,29,13,25,13.75,120.86,4,5
2020,11,5,2,27,10.03,126.21,18,5.1
2020,11,12,15,18,10.15,126.1,14,5.3
2020,11,15,14,35,11.81,124.16,10,5
2020,11,16,6,37,8.61,126.49,54,6
2020,12,7,22,37,13.04,124.52,79,5.4
2020,12,16,7,21,4.87,125.43,20,6.2
2020,12,25,7,43,13.76,120.53,107,6.3
2020,12,25,10,0,4.91,125.97,88,5.2
2020,12,25,18,4,13.36,122.31,4,5.2
2020,12,30,0,21,5.01,125.45,68,5.5
2021,1,12,21,38,19,120.55,15,5.1
2021,1,21,20,23,5.09,127.61,102,7.1
2021,1,24,22,26,5.12,127.61,96,5
2021,2,2,22,37,9.11,126.88,12,5.2
2021,2,4,15,48,3.62,126.57,25,5.2
2021,2,4,16,14,14.6,118.8,16,5.1
2021,2,5,6,0,21.11,121.77,7,5.6
2021,2,7,12,22,14.6,123.14,1,5.1
2021,2,8,8,0,6.75,125.11,10,6.1
2021,2,9,7,24,5.74,127.15,62,5.7
2021,2,24,6,25,11.9,120.71,23,5
2021,3,11,15,24,2.89,126.43,110,5.2
2021,3,13,4,13,15.78,119.25,13,5.1
2021,4,1,18,12,4.33,126.89,63,5
2021,4,7,4,8,3.41,126.58,27,5.2
2021,4,10,17,30,5.74,126.68,98,5.1
2021,4,14,2,38,3.98,124.88,326,6.1
2021,4,14,2,39,5.44,127,34,5.1
2021,4,17,4,55,13.9,120.57,198,5
2021,5,6,14,21,3.3,126.77,58,5.4
2021,5,11,1,25,6.76,125.12,19,5.1
2021,5,12,9,9,5.46,126.58,60,5.3
2021,5,13,2,20,13.52,120.65,108,5.8
2021,5,22,7,56,4.76,128.72,38,5.6
2021,5,23,10,2,5.51,126.84,52,5.2
2021,5,23,12,41,5.1,127.55,113,5.6
2021,6,6,11,20,14.76,119.17,33,5
2021,6,8,5,41,10.16,126.3,8,5.1
2021,6,10,10,42,10.22,126.28,5,5.3
2021,6,14,22,38,5.77,126.17,48,5.1
2021,6,14,22,49,7.66,124.85,12,5.7
2021,6,27,15,14,7.67,124.86,2,5.2
2021,6,29,15,35,8.89,126.37,33,5.1
2021,7,8,18,9,3.99,125.86,146,5
2021,7,10,8,43,4.93,126.59,12,5.2
2021,7,10,8,51,2.52,126.63,64,6.2
2021,7,18,8,9,2.69,126.61,76,5.4
2021,7,18,8,9,6.26,126.43,63,5.4
2021,7,21,4,26,5.58,126.74,79,5.3
2021,7,24,4,48,13.71,120.57,111,6.6
2021,7,24,4,57,13.74,120.54,101,5.5
2021,8,12,1,46,6.3,126.87,59,7.1
2021,8,12,23,42,6.07,127.41,12,5.1
2021,8,12,23,53,6.1,127.65,24,5.6
2021,8,13,4,17,5.93,127.5,35,5.3
2021,8,13,4,28,6.05,127.58,1,5.1
2021,8,13,23,8,13.66,120.57,124,5.8
2021,8,14,3,0,6.21,127.44,15,5.2
2021,8,14,9,27,5.03,128.34,44,5.3
2021,8,14,18,30,10.02,126.15,33,5
2021,8,25,20,3,7.21,122.88,23,5
2021,8,27,18,22,5.5,125.24,34,5.7
2021,9,2,15,23,11.51,124.38,7,5
2021,9,27,1,12,13.82,120.35,66,5.7
2021,10,3,5,59,12.84,120.86,3,5.3
2021,10,8,2,14,13.94,120.49,131,5.2
2021,10,28,13,39,13,124.63,11,5
2021,11,20,4,8,6.83,127.17,3,5.2
2021,11,20,4,13,6.79,127.19,4,5.4
2021,11,27,14,1,4.47,126.37,86,5.4
2021,11,30,8,56,6.68,126.12,41,5.2
2021,12,5,7,47,4.06,128.15,173,6.1
2021,12,13,17,12,13.63,120.53,100,5.5
2021,12,15,21,11,10.25,126.53,17,5.1
2021,12,21,12,8,12.89,120.92,7,5.1
2021,12,22,20,19,2.2,126.6,88,5.1
2021,12,22,20,27,2.13,126.37,42,5
2021,12,26,8,12,16.15,119.27,12,5
2021,12,26,10,22,2.14,126.32,16,5.3
2021,1,19,3,10,21.12,122.21,187,5.2
2022,1,22,4,43,7.44,126.65,115,5.4
2022,1,22,10,26,3.41,126.67,20,6.1
2022,1,23,14,23,6.97,127.3,9,5.3
2022,1,27,14,15,3,127.54,183,5.2
2022,1,30,8,17,15.5,118.41,14,5.2
2022,2,11,22,25,5.87,124.38,48,5.1
2022,2,12,8,41,20.1,121.48,31,5.1
2022,2,13,12,36,19.26,121.04,11,5.4
2022,2,21,2,29,5.77,126.63,56,5.7
2022,2,21,5,13,5.85,126.56,51,5.2
2022,2,21,15,22,13.55,120.67,102,5.3
2022,2,26,14,15,5.58,126.39,117,5.3
2022,3,8,2,13,2.67,125.7,76,5.6
2022,3,14,5,5,14.05,119.11,33,6.4
2022,3,14,22,40,14.07,119.17,33,5.1
2022,3,16,2,15,13.99,119.24,35,5
2022,3,16,8,9,14.1,119.16,27,5
2022,3,21,0,39,10.95,124.8,4,5.3
2022,3,23,1,41,23.43,121.57,15,6.7
2022,3,23,20,2,19.19,122.19,20,5.1
2022,3,26,21,53,20.54,122.24,14,5.2
2022,3,30,0,27,14.12,119.09,33,5
2022,3,30,2,55,15.05,119.6,10,5
2022,4,1,9,35,9.9,126.97,16,5
2022,4,3,18,24,9.16,126.88,4,5.6
2022,4,3,19,21,9.17,127.03,1,5.4
2022,4,3,23,29,9.12,126.88,5,5.5
2022,4,8,7,36,21.57,120.96,1,5.6
2022,4,9,3,19,21.35,121.12,32,5.2
2022,4,9,17,44,12.3,123.82,7,5
2022,4,10,0,43,21.59,121.14,40,5
2022,4,11,21,47,21.52,120.81,25,5.2
2022,4,19,9,23,7.11,127.04,15,6.2
2022,4,19,12,24,7.1,127.01,17,5.3
2022,4,20,1,51,6.27,127.51,54,5
2022,4,20,5,20,3.47,126.47,107,5.4
2022,4,20,17,7,6.23,127.45,110,5.5
2022,4,20,22,34,6.78,127.29,16,5.2
2022,4,21,5,57,6.88,127.21,35,6.1
2022,4,28,19,42,9.93,126.19,13,5.1
2022,5,5,4,16,6.31,127.47,80,5.2
2022,5,5,5,41,6.2,127.34,96,5.7
2022,5,5,16,21,6.22,127.58,34,6
2022,5,6,3,54,6.37,127.36,90,5.2
2022,5,6,8,2,6.44,127.33,65,5.2
2022,5,6,15,34,8.73,126.61,33,5.2
2022,5,17,16,42,19.72,120.99,14,5.1
2022,5,22,5,50,13.93,120.49,128,6.1
2022,6,3,2,54,8.92,126.74,9,5.6
2022,6,8,4,37,6.47,127.2,68,5.2
2022,6,16,14,8,17.24,119.85,10,5.1
2022,6,28,21,43,21.8,120.36,13,5.1
2022,7,1,2,40,19.07,121.29,21,6
2022,7,27,8,43,17.63,120.63,15,7
2022,7,27,17,4,16.25,122.93,18,5
2022,7,28,4,2,17.52,120.61,13,5
2022,8,1,2,48,17.43,120.62,11,5.1
2022,8,2,1,10,11.33,125.48,42,5.1
2022,8,2,13,24,6.88,123.75,1,5.4
2022,8,3,3,19,7.11,127.03,22,5.6
2022,8,13,12,25,10.28,121.83,2,5.1
2022,8,13,14,25,6.96,123.77,11,5.9
2022,8,15,16,23,6.71,125.14,20,5.5
2022,8,17,17,35,9.68,125.92,131,5
2022,8,20,3,22,12.39,123.65,15,5
2022,8,28,2,27,17.43,120.49,18,5.2
2022,9,10,1,20,3.85,126.72,126,5.3
2022,9,12,16,14,6.29,127.81,31,5.7
2022,9,25,19,16,4.56,126.02,137,5.1
2022,9,28,9,12,9.34,126.83,5,5.3
2022,10,3,16,7,9.97,126.38,13,5.1
2022,10,19,16,5,6.7,125.13,24,5.4
2022,10,23,10,15,3.15,128.48,236,5.1
2022,10,24,10,6,7.02,125.49,238,5.3
2022,10,24,23,8,11.22,126.06,16,5.3
2022,10,25,21,20,8.06,126.72,42,5.2
2022,10,25,22,59,17.77,120.72,16,6.4
2022,11,2,21,7,19.67,121.6,53,5.2
2022,11,5,15,42,4.12,126.21,103,5.1
2022,11,6,8,3,2.39,125.17,269,5.5
2022,11,7,13,34,19.09,121.14,14,5
2022,11,8,22,30,15.45,120.57,187,5.2
2022,11,24,23,5,18.44,120.71,21,5.1
2022,11,27,12,43,9.36,126.53,10,5
2022,12,7,13,5,14.58,123.15,1,5.3
2022,12,9,14,33,13.3,125.95,32,5.7
2022,12,10,4,1,6.36,126.18,55,5.6
2022,12,16,19,0,13.58,120.56,89,5
2022,12,18,21,33,15.69,119.17,13,5.2
2022,12,19,17,5,17.42,120.55,10,5.1
2022,12,20,5,44,7.82,124.74,4,5
2022,12,29,21,13,6.21,126.37,131,5.2
2022,1,8,7,0,7.49,126.51,135,5
2023,1,15,20,28,11.33,124.54,1,5.3
2023,1,18,14,6,2.86,127.04,15,7
2023,1,18,16,1,2.2,127.31,62,5.4
2023,1,22,4,6,2.95,126.67,31,5.2
2023,1,24,2,17,2.55,126.74,34,5.4
2023,1,24,9,10,2.22,126.67,36,5.3
2023,1,24,10,13,2.96,126.7,76,5.9
2023,1,25,0,10,3.81,128.63,63,5.1
2023,1,26,12,23,2.65,127.01,95,5.6
2023,1,28,4,25,10.74,125.58,71,5.5
2023,1,29,12,23,5.58,125.21,23,5
2023,1,30,3,57,2.09,126.99,2,5.4
2023,2,1,18,44,7.66,126.07,17,6
2023,2,11,16,55,3.43,126.53,28,6
2023,2,15,17,15,12.28,123.8,7,5
2023,2,16,2,10,12.32,123.75,10,6
2023,2,16,18,33,15.06,119.79,9,5
2023,2,19,12,47,8.99,126.15,34,5
2023,2,24,4,2,3.18,128.13,130,6.4
2023,2,25,1,28,2.91,126.05,56,5
2023,3,6,4,43,7.45,126.24,4,5.3
2023,3,6,23,53,5.81,126.03,148,5
2023,3,7,14,2,7.47,126.19,2,5.9
2023,3,7,16,47,7.51,126.24,11,5.6
2023,3,16,5,25,4.39,127.34,22,5.3
2023,3,18,0,11,5.85,127.1,29,5
2023,3,23,7,31,19.24,121.12,22,5.6
2023,3,28,13,51,18.61,120.28,1,5.1
2023,4,4,20,54,13.9,125.77,72,6.2
2023,4,12,10,2,5.77,126.89,77,5.4
2023,4,14,0,4,9.24,125.6,11,5.1
2023,4,21,18,21,2.78,126.87,27,5.8
2023,4,23,17,19,17.61,122.28,20,5.3
2023,4,24,17,32,9.25,125.57,5,5.1
2023,4,24,0,23,14.27,118.74,33,5.2
2023,4,29,0,0,13.62,120.4,72,5.2
2023,5,4,8,49,17.66,122.38,30,5.5
2023,5,7,19,36,17.6,122.36,28,5.3
2023,5,13,22,37,10.14,126.22,26,5
2023,5,23,23,4,2.73,126.92,69,5
2023,5,24,8,44,5.7,124.26,1,5.2
2023,5,25,21,48,20.96,122.16,18,5.6
2023,5,25,23,26,12.24,123.82,2,5
2023,6,15,10,19,13.78,120.52,107,6.3
2023,6,17,18,15,19.31,121.14,3,5.5
2023,6,19,1,33,10.31,126.48,28,5
2023,6,29,19,30,10.34,127.15,26,5.1
2023,7,10,21,1,11.38,125.41,26,5
2023,7,17,23,35,5.77,124.18,1,5.3
2023,7,20,7,8,3.26,128.67,176,5
2023,8,1,16,3,19.33,121.22,20,5.3
2023,8,4,20,22,21.61,121.46,4,5.1
2023,8,4,20,25,21.85,121.91,23,5.1
2023,8,9,8,57,6.45,126.4,39,5.2
2023,8,13,9,43,20.51,121.54,55,5.4
2023,8,24,1,38,12.81,121.36,1,5.1
2023,8,26,3,13,6.29,124.73,10,5
2023,8,29,1,59,3.81,126.73,40,5.5
2023,9,4,17,11,2.49,126.67,10,5.3
2023,9,8,3,20,4.2,127.91,130,5.1
2023,9,12,19,3,19.27,121.15,29,6.3
2023,9,26,9,39,4.25,127.61,162,6
2023,10,4,11,35,19.28,121.27,21,5.7
2023,10,4,19,21,5.26,126.2,135,6.4
2023,10,13,8,24,13.79,120.82,5,5
2023,10,20,2,58,7.35,126.38,11,5.9
2023,11,2,14,50,11.54,126.3,9,5.6
2023,11,17,16,14,5.38,125.24,63,6.8
2023,11,19,9,38,10.22,125.38,200,5
2023,11,20,12,57,11.55,125.13,70,5.2
2023,11,22,10,48,2.01,126.97,172,6.1
2023,11,26,16,24,13.55,120.62,112,5.1
2023,12,2,22,37,8.44,126.59,26,7.4
2023,12,3,0,3,8.5,126.95,1,6.4
2023,12,3,0,19,8.51,127.12,1,5.1
2023,12,3,0,53,8.28,127.08,8,5.5
2023,12,3,1,40,8.42,126.9,1,6.1
2023,12,3,1,55,8.64,126.97,3,5.9
2023,12,3,2,9,8.51,127.43,2,6.3
2023,12,3,2,20,8.61,126.93,1,5
2023,12,3,3,36,8.48,127.17,45,5.2
2023,12,3,4,39,8.27,127.05,1,5
2023,12,3,4,52,8.4,127.12,1,6
2023,12,3,6,2,8.4,126.84,10,5
2023,12,3,10,2,8.68,127.4,4,5.4
2023,12,3,11,36,8.39,127.06,3,5.2
2023,12,3,13,43,8.66,126.87,8,5.4
2023,12,3,18,35,8.49,126.95,1,6.6
2023,12,3,18,39,8.49,126.89,1,5.4
2023,12,3,22,35,8.76,127.46,7,5.9
2023,12,4,1,1,8.56,127,3,5.2
2023,12,4,2,7,8.54,127.07,10,5.2
2023,12,4,2,11,8.89,126.77,7,5.1
2023,12,4,3,49,8.96,126.91,1,6.8
2023,12,4,5,43,8.67,127.05,1,5.6
2023,12,4,9,7,8.49,126.95,2,5.5
2023,12,4,10,10,8.54,126.92,1,5.1
2023,12,4,10,38,8.63,126.99,1,5.1
2023,12,4,12,17,8.84,126.96,1,5.3
2023,12,4,12,43,8.45,127.37,20,5
2023,12,4,12,58,8.86,126.85,4,5.5
2023,12,4,13,8,8.86,126.87,2,5.8
2023,12,4,14,8,8.45,127.01,5,5
2023,12,5,8,34,8.93,126.66,13,5.3
2023,12,5,13,27,8.49,127.24,1,5
2023,12,5,16,23,13.87,120.29,60,5.9
2023,12,5,17,10,9.06,126.91,3,5.7
2023,12,5,17,42,9.15,126.95,1,5.6
2023,12,5,20,36,2.53,127.82,121,5.2
2023,12,5,21,36,9.14,126.92,2,5.8
2023,12,6,14,19,19.2,121.03,9,5
2023,12,8,18,32,8.81,127.09,1,5.2
2023,12,8,19,32,8.89,127.01,9,5.1
2023,12,11,6,52,8.8,127.48,26,5.2
2023,12,12,21,58,8.58,126.72,14,5.1
2023,12,16,0,5,8.92,127.43,17,5
2023,12,23,22,22,8.13,127.01,12,5.2
2023,12,24,0,38,8.95,127.03,2,5.3
2023,1,3,9,11,8.29,126.56,32,5.1
2024,1,9,4,48,4.45,126.42,72,6.7
2024,1,15,19,31,8.38,126.61,27,5
2024,1,17,20,32,8.4,126.61,26,5.7
2024,1,29,15,37,8.62,127.58,13,5.1
2024,2,2,5,35,8.18,127.18,1,5.3
2024,2,3,16,25,2.2,127.2,98,5.3
2024,2,6,22,37,8.89,126.47,36,5.2
2024,2,7,10,44,8.83,127.19,3,5
2024,2,7,10,56,8.86,127.16,1,5.1
2024,2,7,12,5,18.7,120.73,31,5.4
2024,2,10,11,22,8.69,125.55,24,5.8
2024,2,10,13,21,8.66,125.63,41,5.2
2024,2,12,10,3,9.94,126.93,17,5.3
2024,2,25,2,47,12.12,125.08,26,5
2024,2,29,8,10,8.76,126.88,3,5.3
2024,2,29,8,23,8.81,126.97,12,5.4
2024,3,1,17,28,8.84,127.07,18,5.4
2024,3,7,4,19,7.88,127.14,7,5
2024,3,8,17,11,5.88,127.05,133,6
2024,3,30,2,6,2.29,126.84,81,5.4
2024,4,1,5,16,8.14,126.61,28,5
2024,4,3,7,58,23.8,121.7,12,7.5
2024,4,3,12,51,8.56,126.9,1,5.1
2024,4,9,17,47,2.52,127.19,35,6.5
2024,4,11,0,20,11.95,126.1,14,5.1
2024,4,11,11,33,7.52,126.14,11,5.3
2024,4,13,14,26,2.39,126.62,73,5.3
2024,4,17,0,6,9.73,126.36,17,5
2024,4,23,20,55,20.29,121.27,15,5.3
2024,4,25,12,20,7.69,127.37,18,5
2024,5,3,18,16,10.81,125.37,10,5.8
2024,5,7,16,2,11.37,125.81,6,5.1
2024,5,7,21,12,5.83,124.64,10,5
2024,5,18,14,26,3.75,123.09,539,5.2
2024,6,11,14,58,9.49,119.63,31,5.1
2024,6,13,1,1,4.1,126.65,55,5.7
2024,6,15,21,8,3.1,126.99,95,5.9
2024,6,16,19,49,4.83,125.18,18,5.1
2024,6,22,3,3,8.48,127.27,29,5.1
2024,6,22,8,41,14.05,125.13,53,5.1
2024,7,6,18,29,19.13,121.24,6,5.4
2024,7,7,0,1,12.38,124.63,85,5
2024,7,11,10,13,5.93,123.34,686,7.1
2024,8,3,6,22,8.12,126.84,11,6.8
2024,8,3,7,36,8.03,127.09,4,5
2024,8,3,9,38,7.95,127.07,1,5.4
2024,8,3,12,20,8.14,127.18,1,6.2
2024,8,6,13,39,7.81,127.32,7,5.2
2024,8,19,11,39,12.87,124.88,59,5.7
2024,8,27,21,1,12.52,123.61,8,5
2024,9,2,3,59,3.55,126.61,8,5
2024,9,4,7,16,14.95,122.63,3,5.3
2024,9,9,3,28,10.99,125.93,44,5
2024,9,10,5,1,4.28,126.78,101,5.2
2024,9,13,14,33,4.11,126.88,18,5.1
2024,9,29,14,53,10.49,124.37,7,5.1
2024,9,29,19,9,2.57,126.48,1,5.3
2024,10,2,5,19,14.31,124.93,35,6.1
2024,10,10,15,22,1.98,126.93,157,5.1
2024,11,19,16,34,6.08,126.2,69,5.2
2024,11,27,16,59,9,126.5,19,5
2024,11,28,5,58,15.51,120.61,191,5.7
2024,12,4,0,9,4.48,126.56,39,5.3
2024,12,4,2,54,18.52,120.73,23,5.7
2024,12,19,9,9,17.66,119.42,27,5
2024,12,20,3,22,12.13,126.83,17,5.3
2024,12,26,18,26,8.47,125.86,14,5.3
2024,12,28,2,42,9.56,126.42,51,5.6
2024,12,30,10,56,18.6,120.63,23,5.6
